ID,Is_Secret,Date,Weather,Title,Summary,Delete,Emotion
1,0,2023-09-22,맑음,가을의 첫날,가을의 첫날을 맞이함,0,0
2,1,2023-09-23,흐림,흐린 하루,하루종일 구름이 끼어 있었음,0,3
3,0,2023-09-24,맑음,주말의 기분,주말을 즐겁게 보냄,0,0
4,0,2023-09-25,비,비오는 월요일,한 주의 시작이 비로 시작함,0,2
5,1,2023-09-26,바람,바람부는 하루,바람이 많이 불었음,0,1
6,0,2023-08-31,구름,날이 좋았다,늦여름,0,0
8,0,2023-09-13,날씨,독서 메모,10년만의 해후,0,1
9,0,2023-09-29,날씨,그림자 놀이,햇빛 아래의 커튼 그림자,0,0
10,0,2023-09-14,날씨,오늘의 책,미뤄뒀던 책을 꺼내보았다.,0,0
12,0,2023-11-02,맑음,가을 깊은 숲,숲속의 작은 개울가에서,0,1
13,0,2023-11-10,흐림,비 오는 날의 생각,비 오는 날의 커피 한 잔,0,3
14,0,2023-11-24,맑음,겨울 문턱,겨울 문턱의 평화,0,1
15,0,2023-12-02,,Test1,,0,
18,0,2023-12-02,,Test4,,0,
19,0,2023-12-18,,버섯 게임,"버섯 농장 게임에 몰입하며 즐거움을 느끼고 있지만, 날씨가 추워져 감기에 걸릴까 걱정된다.",0,1